Date,Value
5/31/2023,104.3300
5/30/2023,104.1700
5/29/2023,104.2600
5/26/2023,104.2100
5/25/2023,104.2500
5/24/2023,103.8900
5/23/2023,103.4900
5/22/2023,103.2000
5/19/2023,103.2000
5/18/2023,103.5800
5/17/2023,102.8800
5/16/2023,102.5600
5/15/2023,102.4300
5/12/2023,102.6800
5/11/2023,102.0600
5/10/2023,101.4800
5/9/2023,101.6100
5/8/2023,101.3800
5/5/2023,101.2100
5/4/2023,101.4000
5/3/2023,101.3400
5/2/2023,101.9600
5/1/2023,102.1500
4/28/2023,101.6600
4/27/2023,101.5000
4/26/2023,101.4700
4/25/2023,101.8600
4/24/2023,101.3500
4/21/2023,101.8200
4/20/2023,101.8400
4/19/2023,101.9700
4/18/2023,101.7500
4/17/2023,102.1000
4/14/2023,101.5500
4/13/2023,101.0100
4/12/2023,101.5000
4/11/2023,102.2000
4/10/2023,102.5800
4/7/2023,102.0900
4/6/2023,101.8200
4/5/2023,101.8500
4/4/2023,101.5900
4/3/2023,102.0900
3/31/2023,102.5100
3/30/2023,102.1400
3/29/2023,102.6400
3/28/2023,102.4300
3/27/2023,102.8600
3/24/2023,103.1200
3/23/2023,102.5300
3/22/2023,102.3500
3/21/2023,103.2600
3/20/2023,103.2800
3/17/2023,103.7100
3/16/2023,104.4200
3/15/2023,104.6500
3/14/2023,103.6000
3/13/2023,103.6000
3/10/2023,104.5800
3/9/2023,105.3100
3/8/2023,105.6600
3/7/2023,105.6100
3/6/2023,104.3500
3/3/2023,104.5200
3/2/2023,105.0300
3/1/2023,104.4800
2/28/2023,104.8700
2/27/2023,104.6700
2/24/2023,105.2100
2/23/2023,104.6000
2/22/2023,104.5800
2/21/2023,104.1800
2/20/2023,103.8600
2/17/2023,103.8600
2/16/2023,103.8600
2/15/2023,103.9200
2/14/2023,103.2300
2/13/2023,103.3500
2/10/2023,103.6300
2/9/2023,103.2200
2/8/2023,103.4100
2/7/2023,103.4300
2/6/2023,103.6200
2/3/2023,102.9200
2/2/2023,101.7500
2/1/2023,101.2200
1/31/2023,102.1000
1/30/2023,102.2800
1/27/2023,101.9300
1/26/2023,101.8400
1/25/2023,101.6400
1/24/2023,101.9200
1/23/2023,102.1400
1/20/2023,102.0100
1/19/2023,102.0600
1/18/2023,102.3600
1/17/2023,102.3900
1/16/2023,102.2700
1/13/2023,102.2000
1/12/2023,102.2500
1/11/2023,103.1900
1/10/2023,103.2400
1/9/2023,103.0000
1/6/2023,103.8800
1/5/2023,105.0400
1/4/2023,104.2500
1/3/2023,104.5200
1/1/2023,103.4900
12/30/2022,103.5200
12/29/2022,103.8400
12/28/2022,104.4600
12/27/2022,104.1800
12/25/2022,104.3200
12/23/2022,104.3100
12/22/2022,104.4300
12/21/2022,104.1600
12/20/2022,103.9600
12/19/2022,104.7200
12/16/2022,104.7000
12/15/2022,104.5600
12/14/2022,103.7700
12/13/2022,103.9800
12/12/2022,105.1300
12/9/2022,104.8100
12/8/2022,104.7700
12/7/2022,105.1000
12/6/2022,105.5800
12/5/2022,105.2900
12/2/2022,104.5400
12/1/2022,104.7300
11/30/2022,105.9500
11/29/2022,106.8200
11/28/2022,106.6800
11/25/2022,105.9600
11/24/2022,105.8200
11/23/2022,106.0800
11/22/2022,107.2200
11/21/2022,107.8300
11/18/2022,106.9300
11/17/2022,106.6900
11/16/2022,106.2800
11/15/2022,106.4000
11/14/2022,106.6600
11/11/2022,106.2900
11/10/2022,108.2100
11/9/2022,110.5500
11/8/2022,109.6400
11/7/2022,110.1200
11/4/2022,110.8800
11/3/2022,112.9300
11/2/2022,111.3500
11/1/2022,111.4800
10/31/2022,111.5300
10/28/2022,110.7500
10/27/2022,110.5900
10/26/2022,109.7000
10/25/2022,110.9500
10/24/2022,111.9900
10/21/2022,112.0100
10/20/2022,112.8800
10/19/2022,112.9800
10/18/2022,112.1300
10/17/2022,112.0400
10/14/2022,113.3100
10/13/2022,112.3600
10/12/2022,113.3200
10/11/2022,113.2200
10/10/2022,113.1400
10/7/2022,112.7900
10/6/2022,112.2600
10/5/2022,111.0700
10/4/2022,110.0700
10/3/2022,111.7500
9/30/2022,112.1200
9/29/2022,112.2500
9/28/2022,112.6000
9/27/2022,114.1100
9/26/2022,114.1000
9/23/2022,113.1900
9/22/2022,111.3500
9/21/2022,110.6400
9/20/2022,110.2100
9/19/2022,109.7400
9/16/2022,109.7600
9/15/2022,109.7400
9/14/2022,109.6600
9/13/2022,109.8200
9/12/2022,108.3300
9/9/2022,109.0000
9/8/2022,109.7100
9/7/2022,109.8400
9/6/2022,110.2100
9/5/2022,109.8300
9/2/2022,109.5300
9/1/2022,109.6900
8/31/2022,108.7000
8/30/2022,108.7700
8/29/2022,108.8300
8/26/2022,108.8000
8/25/2022,108.4700
8/24/2022,108.6800
8/23/2022,108.6200
8/22/2022,109.0500
8/19/2022,108.1700
8/18/2022,107.4800
8/17/2022,106.5700
8/16/2022,106.5000
8/15/2022,106.5500
8/12/2022,105.6300
8/11/2022,105.0900
8/10/2022,105.2000
8/9/2022,106.3700
8/8/2022,106.4300
8/5/2022,106.6200
8/4/2022,105.6900
8/3/2022,106.5100
8/2/2022,106.2400
8/1/2022,105.4500
7/29/2022,105.9000
7/28/2022,106.3500
7/27/2022,106.4500
7/26/2022,107.1900
7/25/2022,106.4800
7/22/2022,106.7300
7/21/2022,106.9100
7/20/2022,107.0800
7/19/2022,106.6800
7/18/2022,107.3700
7/15/2022,108.0600
7/14/2022,108.5400
7/13/2022,107.9600
7/12/2022,108.0700
7/11/2022,108.0200
7/8/2022,107.0100
7/7/2022,107.1300
7/6/2022,107.1000
7/5/2022,106.5400
7/4/2022,105.1400
7/1/2022,105.1400
6/30/2022,104.6800
6/29/2022,105.1100
6/28/2022,104.5100
6/27/2022,103.9400
6/24/2022,104.1800
6/23/2022,104.4300
6/22/2022,104.2000
6/21/2022,104.4300
6/20/2022,104.7000
6/17/2022,104.7000
6/16/2022,103.6300
6/15/2022,105.1600
6/14/2022,105.5200
6/13/2022,105.0800
6/10/2022,104.1500
6/9/2022,103.2200
6/8/2022,102.5400
6/7/2022,102.3200
6/6/2022,102.4400
6/3/2022,102.1400
6/2/2022,101.8200
6/1/2022,102.5000
5/31/2022,101.7500
5/30/2022,101.6700
5/27/2022,101.6700
5/26/2022,101.8300
5/25/2022,102.0600
5/24/2022,101.8600
5/23/2022,102.0800
5/20/2022,103.1500
5/19/2022,102.7200
5/18/2022,103.8100
5/17/2022,103.3600
5/16/2022,104.1900
5/13/2022,104.5600
5/12/2022,104.8500
5/11/2022,103.8500
5/10/2022,103.9200
5/9/2022,103.6500
5/6/2022,103.6600
5/5/2022,103.7500
5/4/2022,102.5900
5/3/2022,103.4600
5/2/2022,103.7400
4/29/2022,102.9600
4/28/2022,103.6200
4/27/2022,102.9500
4/26/2022,102.3000
4/25/2022,101.7500
4/22/2022,101.2200
4/21/2022,100.5800
4/20/2022,100.3900
4/19/2022,100.9600
4/18/2022,100.7800
4/15/2022,100.3200
4/14/2022,100.3200
4/13/2022,99.8800
4/12/2022,100.2900
4/11/2022,99.9300
4/8/2022,99.8000
4/7/2022,99.7500
4/6/2022,99.6000
4/5/2022,99.4700
4/4/2022,99.0000
4/1/2022,98.6300
3/31/2022,98.3100
3/30/2022,97.7900
3/29/2022,98.4000
3/28/2022,99.0900
3/25/2022,98.7900
3/24/2022,98.7900
3/23/2022,98.6200
3/22/2022,98.4900
3/21/2022,98.5000
3/18/2022,98.2300
3/17/2022,97.9700
3/16/2022,98.6200
3/15/2022,99.1000
3/14/2022,99.0000
3/11/2022,99.1200
3/10/2022,98.5100
3/9/2022,97.9700
3/8/2022,99.0600
3/7/2022,99.2900
3/4/2022,98.6500
3/3/2022,97.7900
3/2/2022,97.3900
3/1/2022,97.4100
2/28/2022,96.7100
2/25/2022,96.6100
2/24/2022,97.1400
2/23/2022,96.1900
2/22/2022,96.0300
2/21/2022,96.0800
2/18/2022,96.0400
2/17/2022,95.8000
2/16/2022,95.7000
2/15/2022,95.9900
2/14/2022,96.3700
2/11/2022,96.0800
2/10/2022,95.5500
2/9/2022,95.4900
2/8/2022,95.6400
2/7/2022,95.4000
2/4/2022,95.4900
2/3/2022,95.3800
2/2/2022,95.9400
2/1/2022,96.3900
1/31/2022,96.5400
1/28/2022,97.2700
1/27/2022,97.2500
1/26/2022,96.3900
1/25/2022,95.9500
1/24/2022,95.9200
1/21/2022,95.6400
1/20/2022,95.7400
1/19/2022,95.5100
1/18/2022,95.7300
1/17/2022,95.2600
1/14/2022,95.1700
1/13/2022,94.7900
1/12/2022,94.9200
1/11/2022,95.6200
1/10/2022,95.9900
1/7/2022,95.7200
1/6/2022,96.3200
1/5/2022,96.1700
1/4/2022,96.2600
1/3/2022,96.2100
12/31/2021,95.9700
12/30/2021,95.9700
12/29/2021,95.9300
12/28/2021,96.2000
12/27/2021,96.0900
12/23/2021,96.0200
12/22/2021,96.0800
12/21/2021,96.4900
12/20/2021,96.5500
12/17/2021,96.5700
12/16/2021,96.0400
12/15/2021,96.5100
12/14/2021,96.5700
12/13/2021,96.3200
12/10/2021,96.1000
12/9/2021,96.2700
12/8/2021,95.8900
12/7/2021,96.3700
12/6/2021,96.3300
12/3/2021,96.1200
12/2/2021,96.1600
12/1/2021,96.0300
11/30/2021,95.9900
11/29/2021,96.3400
11/26/2021,96.0900
11/25/2021,96.7700
11/24/2021,96.8800
11/23/2021,96.4900
11/22/2021,96.5500
11/19/2021,96.0300
11/18/2021,95.5400
11/17/2021,95.8300
11/16/2021,95.9200
11/15/2021,95.4100
11/12/2021,95.1300
11/11/2021,95.1800
11/10/2021,94.8500
11/9/2021,93.9600
11/8/2021,94.0500
11/5/2021,94.3200
11/4/2021,94.3500
11/3/2021,93.8600
11/2/2021,94.0900
11/1/2021,93.8800
10/29/2021,94.1200
10/28/2021,93.3500
10/27/2021,93.8000
10/26/2021,93.9500
10/25/2021,93.8100
10/22/2021,93.6400
10/21/2021,93.7700
10/20/2021,93.5600
10/19/2021,93.7300
10/18/2021,93.9500
10/15/2021,93.9400
10/14/2021,93.9600
10/13/2021,94.0800
10/12/2021,94.5200
10/11/2021,94.3200
10/8/2021,94.0700
10/7/2021,94.2200
10/6/2021,94.2700
10/5/2021,93.9700
10/4/2021,93.7800
10/1/2021,94.0400
9/30/2021,94.2300
9/29/2021,94.3400
9/28/2021,93.7700
9/27/2021,93.3800
9/24/2021,93.3300
9/23/2021,93.0300
9/22/2021,93.4600
9/21/2021,93.2000
9/20/2021,93.2800
9/17/2021,93.1900
9/16/2021,92.9300
9/15/2021,92.5500
9/14/2021,92.6200
9/13/2021,92.6800
9/10/2021,92.5800
9/9/2021,92.4800
9/8/2021,92.6500
9/7/2021,92.5100
9/6/2021,92.0400
9/3/2021,92.0400
9/2/2021,92.2200
9/1/2021,92.4500
8/31/2021,92.6300
8/30/2021,92.6500
8/27/2021,92.6900
8/26/2021,93.0600
8/25/2021,92.8200
8/24/2021,92.8900
8/23/2021,92.9600
8/20/2021,93.5000
8/19/2021,93.5700
8/18/2021,93.1400
8/17/2021,93.1300
8/16/2021,92.6300
8/13/2021,92.5200
8/12/2021,93.0400
8/11/2021,92.9200
8/10/2021,93.0600
8/9/2021,92.9400
8/6/2021,92.8000
8/5/2021,92.2400
8/4/2021,92.2700
8/3/2021,92.0800
8/2/2021,92.0500
7/30/2021,92.1700
7/29/2021,91.8600
7/28/2021,92.3200
7/27/2021,92.4300
7/26/2021,92.6500
7/23/2021,92.9100
7/22/2021,92.8200
7/21/2021,92.7500
7/20/2021,92.9700
7/19/2021,92.8900
7/16/2021,92.6900
7/15/2021,92.6200
7/14/2021,92.4100
7/13/2021,92.7500
7/12/2021,92.2600
7/9/2021,92.1300
7/8/2021,92.4200
7/7/2021,92.6400
7/6/2021,92.5500
7/5/2021,92.2100
7/2/2021,92.2300
7/1/2021,92.6000
6/30/2021,92.4400
6/29/2021,92.0500
6/28/2021,91.8900
6/25/2021,91.8500
6/24/2021,91.8100
6/23/2021,91.8000
6/22/2021,91.7600
6/21/2021,91.9000
6/18/2021,92.2200
6/17/2021,91.8900
6/16/2021,91.1300
6/15/2021,90.5400
6/14/2021,90.5200
6/11/2021,90.5600
6/10/2021,90.0700
6/9/2021,90.1200
6/8/2021,90.0800
6/7/2021,89.9500
6/4/2021,90.1400
6/3/2021,90.5100
6/2/2021,89.9100
6/1/2021,89.8300
5/31/2021,90.0300
5/28/2021,90.0300
5/27/2021,89.9700
5/26/2021,90.0400
5/25/2021,89.6400
5/24/2021,89.8400
5/21/2021,90.0200
5/20/2021,89.8100
5/19/2021,90.1900
5/18/2021,89.7500
5/17/2021,90.1600
5/14/2021,90.3200
5/13/2021,90.7500
5/12/2021,90.7100
5/11/2021,90.1400
5/10/2021,90.2100
5/7/2021,90.2300
5/6/2021,90.9500
5/5/2021,91.3100
5/4/2021,91.2900
5/3/2021,90.9400
4/30/2021,91.2800
4/29/2021,90.6100
4/28/2021,90.6100
4/27/2021,90.9100
4/26/2021,90.8100
4/23/2021,90.8600
4/22/2021,91.3300
4/21/2021,91.1500
4/20/2021,91.2400
4/19/2021,91.0700
4/16/2021,91.5600
4/15/2021,91.6900
4/14/2021,91.6900
4/13/2021,91.8500
4/12/2021,92.1400
4/9/2021,92.1600
4/8/2021,92.0600
4/7/2021,92.4600
4/6/2021,92.3300
4/5/2021,92.6000
4/2/2021,93.0200
4/1/2021,92.9300
3/31/2021,93.2300
3/30/2021,93.3000
3/29/2021,92.9400
3/26/2021,92.7700
3/25/2021,92.5300
3/24/2021,92.5300
3/23/2021,92.3400
3/22/2021,91.7400
3/19/2021,91.9200
3/18/2021,91.8600
3/17/2021,91.4400
3/16/2021,91.8600
3/15/2021,91.8300
3/12/2021,91.6800
3/11/2021,91.4200
3/10/2021,91.8200
3/9/2021,91.9600
3/8/2021,92.3100
3/5/2021,91.9800
3/4/2021,91.6300
3/3/2021,90.9500
3/2/2021,90.7900
3/1/2021,91.0400
2/26/2021,90.8800
2/25/2021,90.1300
2/24/2021,90.1800
2/23/2021,90.1700
2/22/2021,90.0100
2/19/2021,90.3600
2/18/2021,90.5900
2/17/2021,90.9500
2/16/2021,90.5100
2/15/2021,90.4800
2/12/2021,90.4800
2/11/2021,90.4200
2/10/2021,90.3700
2/9/2021,90.4400
2/8/2021,90.9300
2/5/2021,91.0400
2/4/2021,91.5300
2/3/2021,91.1700
2/2/2021,91.2000
2/1/2021,90.9800
1/29/2021,90.5800
1/28/2021,90.4600
1/27/2021,90.6500
1/26/2021,90.1700
1/25/2021,90.3900
1/22/2021,90.2400
1/21/2021,90.1300
1/20/2021,90.4700
1/19/2021,90.5000
1/18/2021,90.7600
1/15/2021,90.7700
1/14/2021,90.2400
1/13/2021,90.3600
1/12/2021,90.0900
1/11/2021,90.4600
1/8/2021,90.1000
1/7/2021,89.8300
1/6/2021,89.5300
1/5/2021,89.4400
1/4/2021,89.8700
1/1/2021,89.9400
12/31/2020,89.9400
12/30/2020,89.6800
12/29/2020,89.9900
12/28/2020,90.3400
12/25/2020,90.3200
12/24/2020,90.3200
12/23/2020,90.4100
12/22/2020,90.6500
12/21/2020,90.0400
12/18/2020,90.0200
12/17/2020,89.8200
12/16/2020,90.4500
12/15/2020,90.4700
12/14/2020,90.7100
12/11/2020,90.9800
12/10/2020,90.8200
12/9/2020,91.0900
12/8/2020,90.9600
12/7/2020,90.7900
12/4/2020,90.7000
12/3/2020,90.7100
12/2/2020,91.1200
12/1/2020,91.3100
11/30/2020,91.8700
11/27/2020,91.7900
11/26/2020,91.9900
11/25/2020,91.9900
11/24/2020,92.2300
11/23/2020,92.5000
11/20/2020,92.3900
11/19/2020,92.2900
11/18/2020,92.3200
11/17/2020,92.4200
11/16/2020,92.6400
11/13/2020,92.7500
11/12/2020,92.9600
11/11/2020,93.0400
11/10/2020,92.7500
11/9/2020,92.7200
11/6/2020,92.2300
11/5/2020,92.5300
11/4/2020,93.4100
11/3/2020,93.5500
11/2/2020,94.1300
10/30/2020,94.0400
10/29/2020,93.9600
10/28/2020,93.4000
10/27/2020,92.9400
10/26/2020,93.0400
10/23/2020,92.7700
10/22/2020,92.9500
10/21/2020,92.6100
10/20/2020,93.0700
10/19/2020,93.4300
10/16/2020,93.6800
10/15/2020,93.8600
10/14/2020,93.3800
10/13/2020,93.5300
10/12/2020,93.0700
10/9/2020,93.0600
10/8/2020,93.6100
10/7/2020,93.6300
10/6/2020,93.6900
10/5/2020,93.5100
10/2/2020,93.8400
10/1/2020,93.7100
9/30/2020,93.8900
9/29/2020,93.8900
9/28/2020,94.2800
9/25/2020,94.6400
9/24/2020,94.3500
9/23/2020,94.3900
9/22/2020,93.9900
9/21/2020,93.6600
9/18/2020,92.9300
9/17/2020,92.9700
9/16/2020,93.2100
9/15/2020,93.0500
9/14/2020,93.0500
9/11/2020,93.3300
9/10/2020,93.3400
9/9/2020,93.2500
9/8/2020,93.4400
9/7/2020,92.7200
9/4/2020,92.7200
9/3/2020,92.7400
9/2/2020,92.8500
9/1/2020,92.3400
8/31/2020,92.1400
8/28/2020,92.3700
8/27/2020,93.0000
8/26/2020,93.0100
8/25/2020,93.0200
8/24/2020,93.3000
8/21/2020,93.2500
8/20/2020,92.7900
8/19/2020,92.8900
8/18/2020,92.2700
8/17/2020,92.8500
8/14/2020,93.1000
8/13/2020,93.3300
8/12/2020,93.4400
8/11/2020,93.6300
8/10/2020,93.5800
8/7/2020,93.4300
8/6/2020,92.7900
8/5/2020,92.8700
8/4/2020,93.3800
8/3/2020,93.5400
7/31/2020,93.3500
7/30/2020,93.0200
7/29/2020,93.4500
7/28/2020,93.7000
7/27/2020,93.6700
7/24/2020,94.4300
7/23/2020,94.6900
7/22/2020,94.9900
7/21/2020,95.1200
7/20/2020,95.8300
7/17/2020,95.9400
7/16/2020,96.3500
7/15/2020,96.0800
7/14/2020,96.2600
7/13/2020,96.4600
7/10/2020,96.6500
7/9/2020,96.7000
7/8/2020,96.4300
7/7/2020,96.8800
7/6/2020,96.7200
7/3/2020,97.1700
7/2/2020,97.3200
7/1/2020,97.2000
6/30/2020,97.3900
6/29/2020,97.5400
6/26/2020,97.4300
6/25/2020,97.4300
6/24/2020,97.1500
6/23/2020,96.6500
6/22/2020,97.0400
6/19/2020,97.6200
6/18/2020,97.4200
6/17/2020,97.1600
6/16/2020,96.9600
6/15/2020,96.7100
6/12/2020,97.3200
6/11/2020,96.7300
6/10/2020,95.9600
6/9/2020,96.3200
6/8/2020,96.6200
6/5/2020,96.9400
6/4/2020,96.6800
6/3/2020,97.2800
6/2/2020,97.6700
6/1/2020,97.8300
5/29/2020,98.3400
5/28/2020,98.3800
5/27/2020,99.0600
5/26/2020,98.9100
5/25/2020,99.8600
5/22/2020,99.8600
5/21/2020,99.3700
5/20/2020,99.1200
5/19/2020,99.3700
5/18/2020,99.6700
5/15/2020,100.4000
5/14/2020,100.4700
5/13/2020,100.2400
5/12/2020,99.9300
5/11/2020,100.2400
5/8/2020,99.7300
5/7/2020,99.8900
5/6/2020,100.0900
5/5/2020,99.7100
5/4/2020,99.4800
5/1/2020,99.0800
4/30/2020,99.0200
4/29/2020,99.5700
4/28/2020,99.8600
4/27/2020,100.0400
4/24/2020,100.3800
4/23/2020,100.4300
4/22/2020,100.3900
4/21/2020,100.2600
4/20/2020,99.9600
4/17/2020,99.7800
4/16/2020,100.0300
4/15/2020,99.4600
4/14/2020,98.8900
4/13/2020,99.3500
4/10/2020,99.5200
4/9/2020,99.5200
4/8/2020,100.1200
4/7/2020,99.9000
4/6/2020,100.6800
4/3/2020,100.5800
4/2/2020,100.1800
4/1/2020,99.6700
3/31/2020,99.0500
3/30/2020,99.1800
3/27/2020,98.3600
3/26/2020,99.3500
3/25/2020,101.0500
3/24/2020,102.0400
3/23/2020,102.4900
3/20/2020,102.8200
3/19/2020,102.7500
3/18/2020,101.1600
3/17/2020,99.5700
3/16/2020,98.0700
3/13/2020,98.7500
3/12/2020,97.4700
3/11/2020,96.5100
3/10/2020,96.4100
3/9/2020,94.8900
3/6/2020,95.9500
3/5/2020,96.8200
3/4/2020,97.3400
3/3/2020,97.1500
3/2/2020,97.3600
2/28/2020,98.1300
2/27/2020,98.5100
2/26/2020,99.0000
2/25/2020,98.9700
2/24/2020,99.3600
2/21/2020,99.2600
2/20/2020,99.8600
2/19/2020,99.7100
2/18/2020,99.4400
2/17/2020,99.0000
2/14/2020,99.1200
2/13/2020,99.0700
2/12/2020,99.0500
2/11/2020,98.7200
2/10/2020,98.8300
2/7/2020,98.6800
2/6/2020,98.5000
2/5/2020,98.3000
2/4/2020,97.9600
2/3/2020,97.8000
1/31/2020,97.3900
1/30/2020,97.8700
1/29/2020,97.9900
1/28/2020,98.0200
1/27/2020,97.9600
1/24/2020,97.8500
1/23/2020,97.6900
1/22/2020,97.5300
1/21/2020,97.5300
1/20/2020,97.6100
1/17/2020,97.6400
1/16/2020,97.3200
1/15/2020,97.2300
1/14/2020,97.3700
1/13/2020,97.3400
1/10/2020,97.3600
1/9/2020,97.4500
1/8/2020,97.3000
1/7/2020,97.0000
1/6/2020,96.6700
1/3/2020,96.8400
1/2/2020,96.8500
1/1/2020,96.3900
12/31/2019,96.3900
12/30/2019,96.7400
12/27/2019,96.9200
12/26/2019,97.5300
12/25/2019,97.6500
12/24/2019,97.6500
12/23/2019,97.6600
12/20/2019,97.6900
12/19/2019,97.3800
12/18/2019,97.4000
12/17/2019,97.2200
12/16/2019,97.0200
12/13/2019,97.1700
12/12/2019,97.4000
12/11/2019,97.0800
12/10/2019,97.4100
12/9/2019,97.6400
12/6/2019,97.7000
12/5/2019,97.4100
12/4/2019,97.6500
12/3/2019,97.7400
12/2/2019,97.8600
11/29/2019,98.2700
11/28/2019,98.3700
11/27/2019,98.3700
11/26/2019,98.2500
11/25/2019,98.3200
11/22/2019,98.2700
11/21/2019,97.9900
11/20/2019,97.9300
11/19/2019,97.8600
11/18/2019,97.7900
11/15/2019,98.0000
11/14/2019,98.1600
11/13/2019,98.3700
11/12/2019,98.3100
11/11/2019,98.2000
11/8/2019,98.3500
11/7/2019,98.1400
11/6/2019,97.9500
11/5/2019,97.9800
11/4/2019,97.5000
11/1/2019,97.2400
10/31/2019,97.3500
10/30/2019,97.6500
10/29/2019,97.6900
10/28/2019,97.7600
10/25/2019,97.8300
10/24/2019,97.6300
10/23/2019,97.4900
10/22/2019,97.5300
10/21/2019,97.3300
10/18/2019,97.2800
10/17/2019,97.6100
10/16/2019,98.0000
10/15/2019,98.2900
10/14/2019,98.4500
10/11/2019,98.3000
10/10/2019,98.7000
10/9/2019,99.1200
10/8/2019,99.1300
10/7/2019,98.9700
10/4/2019,98.8100
10/3/2019,98.8600
10/2/2019,99.0200
10/1/2019,99.1300
9/30/2019,99.3800
9/27/2019,99.1100
9/26/2019,99.1300
9/25/2019,99.0400
9/24/2019,98.3400
9/23/2019,98.6000
9/20/2019,98.5100
9/19/2019,98.2700
9/18/2019,98.5600
9/17/2019,98.2600
9/16/2019,98.6100
9/13/2019,98.2600
9/12/2019,98.3100
9/11/2019,98.6400
9/10/2019,98.3300
9/9/2019,98.2800
9/6/2019,98.3900
9/5/2019,98.4100
9/4/2019,98.4500
9/3/2019,99.0000
9/2/2019,98.9200
8/30/2019,98.9200
8/29/2019,98.5100
8/28/2019,98.2100
8/27/2019,98.0000
8/26/2019,98.0800
8/23/2019,97.6400
8/22/2019,98.1700
8/21/2019,98.3000
8/20/2019,98.1900
8/19/2019,98.3500
8/16/2019,98.1400
8/15/2019,98.1400
8/14/2019,97.9900
8/13/2019,97.8100
8/12/2019,97.3800
8/9/2019,97.4900
8/8/2019,97.6200
8/7/2019,97.5400
8/6/2019,97.6300
8/5/2019,97.5200
8/2/2019,98.0700
8/1/2019,98.3700
7/31/2019,98.5200
7/30/2019,98.0500
7/29/2019,98.0400
7/26/2019,98.0100
7/25/2019,97.8200
7/24/2019,97.7300
7/23/2019,97.7000
7/22/2019,97.2600
7/19/2019,97.1500
7/18/2019,96.7900
7/17/2019,97.2200
7/16/2019,97.3900
7/15/2019,96.9300
7/12/2019,96.8100
7/11/2019,97.0500
7/10/2019,97.1000
7/9/2019,97.4900
7/8/2019,97.3800
7/5/2019,97.2900
7/4/2019,96.7700
7/3/2019,96.7700
7/2/2019,96.7300
7/1/2019,96.8400
6/28/2019,96.1300
6/27/2019,96.1900
6/26/2019,96.2100
6/25/2019,96.1400
6/24/2019,95.9800
6/21/2019,96.2200
6/20/2019,96.6300
6/19/2019,97.1200
6/18/2019,97.6400
6/17/2019,97.5600
6/14/2019,97.5700
6/13/2019,97.0100
6/12/2019,97.0000
6/11/2019,96.6900
6/10/2019,96.7600
6/7/2019,96.5400
6/6/2019,97.0400
6/5/2019,97.3200
6/4/2019,97.0700
6/3/2019,97.1400
5/31/2019,97.7500
5/30/2019,98.1400
5/29/2019,98.1400
5/28/2019,97.9500
5/27/2019,97.6100
5/24/2019,97.6100
5/23/2019,97.8600
5/22/2019,98.0400
5/21/2019,98.0600
5/20/2019,97.9300
5/17/2019,98.0000
5/16/2019,97.8600
5/15/2019,97.5700
5/14/2019,97.5300
5/13/2019,97.3200
5/10/2019,97.3300
5/9/2019,97.3700
5/8/2019,97.6200
5/7/2019,97.6300
5/6/2019,97.5200
5/3/2019,97.5200
5/2/2019,97.8300
5/1/2019,97.6900
4/30/2019,97.4800
4/29/2019,97.8600
4/26/2019,98.0100
4/25/2019,98.2000
4/24/2019,98.1700
4/23/2019,97.6400
4/22/2019,97.2900
4/19/2019,97.3800
4/18/2019,97.4700
4/17/2019,97.0100
4/16/2019,97.0400
4/15/2019,96.9400
4/12/2019,96.9700
4/11/2019,97.1800
4/10/2019,96.9500
4/9/2019,97.0100
4/8/2019,97.0500
4/5/2019,97.3900
4/4/2019,97.3100
4/3/2019,97.0900
4/2/2019,97.3600
4/1/2019,97.2300
3/29/2019,97.2800
3/28/2019,97.2000
3/27/2019,96.7700
3/26/2019,96.7400
3/25/2019,96.5700
3/22/2019,96.6500
3/21/2019,96.5000
3/20/2019,95.7600
3/19/2019,96.3800
3/18/2019,96.5200
3/15/2019,96.5900
3/14/2019,96.7800
3/13/2019,96.5500
3/12/2019,96.9400
3/11/2019,97.2200
3/8/2019,97.3100
3/7/2019,97.6700
3/6/2019,96.8700
3/5/2019,96.8700
3/4/2019,96.6800
3/1/2019,96.5300
2/28/2019,96.1600
2/27/2019,96.1500
2/26/2019,96.0000
2/25/2019,96.4100
2/22/2019,96.5100
2/21/2019,96.6100
2/20/2019,96.4500
2/19/2019,96.5200
2/18/2019,96.9000
2/15/2019,96.9000
2/14/2019,96.9800
2/13/2019,97.1300
2/12/2019,96.7100
2/11/2019,97.0600
2/8/2019,96.6400
2/7/2019,96.5100
2/6/2019,96.3900
2/5/2019,96.0700
2/4/2019,95.8500
2/1/2019,95.5800
1/31/2019,95.5800
1/30/2019,95.3400
1/29/2019,95.8200
1/28/2019,95.7500
1/25/2019,95.7900
1/24/2019,96.6000
1/23/2019,96.1200
1/22/2019,96.3000
1/21/2019,96.3400
1/18/2019,96.3400
1/17/2019,96.0600
1/16/2019,96.0600
1/15/2019,96.0400
1/14/2019,95.6100
1/11/2019,95.6700
1/10/2019,95.5400
1/9/2019,95.2200
1/8/2019,95.9000
1/7/2019,95.6700
1/4/2019,96.1800
1/3/2019,96.3100
1/2/2019,96.8200
1/1/2019,96.1700
12/31/2018,96.1700
12/28/2018,96.4000
12/27/2018,96.4800
12/26/2018,97.0500
12/25/2018,96.5500
12/24/2018,96.5500
12/21/2018,96.9600
12/20/2018,96.2800
12/19/2018,97.0300
12/18/2018,97.1000
12/17/2018,97.1000
12/14/2018,97.4400
12/13/2018,97.0600
12/12/2018,97.0400
12/11/2018,97.3900
12/10/2018,97.2200
12/7/2018,96.5100
12/6/2018,96.8100
12/5/2018,97.0700
12/4/2018,96.9700
12/3/2018,97.0400
11/30/2018,97.2700
11/29/2018,96.7800
11/28/2018,96.7900
11/27/2018,97.3700
11/26/2018,97.0700
11/23/2018,96.9200
11/22/2018,96.7100
11/21/2018,96.7100
11/20/2018,96.8400
11/19/2018,96.1900
11/16/2018,96.4700
11/15/2018,96.9300
11/14/2018,96.8000
11/13/2018,97.3000
11/12/2018,97.5400
11/9/2018,96.9100
11/8/2018,96.7200
11/7/2018,96.0000
11/6/2018,96.3200
11/5/2018,96.2800
11/2/2018,96.5400
11/1/2018,96.2800
10/31/2018,97.1300
10/30/2018,97.0100
10/29/2018,96.5800
10/26/2018,96.3600
10/25/2018,96.6800
10/24/2018,96.4300
10/23/2018,95.9600
10/22/2018,96.0100
10/19/2018,95.7100
10/18/2018,95.9000
10/17/2018,95.5800
10/16/2018,95.0500
10/15/2018,95.0600
10/12/2018,95.2200
10/11/2018,95.0200
10/10/2018,95.5100
10/9/2018,95.6700
10/8/2018,95.7600
10/5/2018,95.6200
10/4/2018,95.7500
10/3/2018,95.7600
10/2/2018,95.5100
10/1/2018,95.3000
9/28/2018,95.1300
9/27/2018,94.8900
9/26/2018,94.1900
9/25/2018,94.1300
9/24/2018,94.1900
9/21/2018,94.2200
9/20/2018,93.9100
9/19/2018,94.5400
9/18/2018,94.6400
9/17/2018,94.5000
9/14/2018,94.9300
9/13/2018,94.5200
9/12/2018,94.8000
9/11/2018,95.2500
9/10/2018,95.1500
9/7/2018,95.3600
9/6/2018,95.0200
9/5/2018,95.1800
9/4/2018,95.4400
9/3/2018,95.1400
8/31/2018,95.1400
8/30/2018,94.7200
8/29/2018,94.6000
8/28/2018,94.7200
8/27/2018,94.7800
8/24/2018,95.1500
8/23/2018,95.6700
8/22/2018,95.1500
8/21/2018,95.2600
8/20/2018,95.9000
8/17/2018,96.1000
8/16/2018,96.6400
8/15/2018,96.7000
8/14/2018,96.7300
8/13/2018,96.3900
8/10/2018,96.3600
8/9/2018,95.5000
8/8/2018,95.0500
8/7/2018,95.2200
8/6/2018,95.3600
8/3/2018,95.1400
8/2/2018,95.1600
8/1/2018,94.6200
7/31/2018,94.4900
7/30/2018,94.3200
7/27/2018,94.6700
7/26/2018,94.7500
7/25/2018,94.3600
7/24/2018,94.6100
7/23/2018,94.6700
7/20/2018,94.4500
7/19/2018,95.1500
7/18/2018,95.0800
7/17/2018,94.9400
7/16/2018,94.5100
7/13/2018,94.7500
7/12/2018,94.8100
7/11/2018,94.7200
7/10/2018,94.1500
7/9/2018,94.0800
7/6/2018,94.0400
7/5/2018,94.4700
7/4/2018,94.6700
7/3/2018,94.6700
7/2/2018,95.0300
6/29/2018,94.6400
6/28/2018,95.3900
6/27/2018,95.2700
6/26/2018,94.6600
6/25/2018,94.2800
6/22/2018,94.5200
6/21/2018,94.7400
6/20/2018,95.0600
6/19/2018,95.0800
6/18/2018,94.8000
6/15/2018,94.7900
6/14/2018,94.7700
6/13/2018,93.7100
6/12/2018,93.8000
6/11/2018,93.5800
6/8/2018,93.5500
6/7/2018,93.4000
6/6/2018,93.6600
6/5/2018,93.9000
6/4/2018,94.0200
6/1/2018,94.1900
5/31/2018,93.9800
5/30/2018,94.1500
5/29/2018,94.8300
5/28/2018,94.1900
5/25/2018,94.1900
5/24/2018,93.7600
5/23/2018,94.0000
5/22/2018,93.6100
5/21/2018,93.6800
5/18/2018,93.6400
5/17/2018,93.4700
5/16/2018,93.3900
5/15/2018,93.2200
5/14/2018,92.5900
5/11/2018,92.5400
5/10/2018,92.6500
5/9/2018,93.0400
5/8/2018,93.1200
5/7/2018,92.7500
5/4/2018,92.5700
5/3/2018,92.4100
5/2/2018,92.5100
5/1/2018,92.4500
4/30/2018,91.8400
4/27/2018,91.5400
4/26/2018,91.5600
4/25/2018,91.1700
4/24/2018,90.7700
4/23/2018,90.9500
4/20/2018,90.3200
4/19/2018,89.9400
4/18/2018,89.6200
4/17/2018,89.5200
4/16/2018,89.4200
4/13/2018,89.8000
4/12/2018,89.7500
4/11/2018,89.5700
4/10/2018,89.5900
4/9/2018,89.8400
4/6/2018,90.1100
4/5/2018,90.4600
4/4/2018,90.1400
4/3/2018,90.2000
4/2/2018,90.0500
3/30/2018,89.9700
3/29/2018,90.1500
3/28/2018,90.0600
3/27/2018,89.3300
3/26/2018,89.0300
3/23/2018,89.4800
3/22/2018,89.8600
3/21/2018,89.7800
3/20/2018,90.3700
3/19/2018,89.7700
3/16/2018,90.2300
3/15/2018,90.1400
3/14/2018,89.7000
3/13/2018,89.6600
3/12/2018,89.8900
3/9/2018,90.0900
3/8/2018,90.1800
3/7/2018,89.6400
3/6/2018,89.6200
3/5/2018,90.0800
3/2/2018,89.9400
3/1/2018,90.3200
2/28/2018,90.6100
2/27/2018,90.3600
2/26/2018,89.8500
2/23/2018,89.8800
2/22/2018,89.7400
2/21/2018,90.0000
2/20/2018,89.7200
2/19/2018,89.1000
2/16/2018,89.1000
2/15/2018,88.5900
2/14/2018,89.1200
2/13/2018,89.7000
2/12/2018,90.2100
2/9/2018,90.4400
2/8/2018,90.2300
2/7/2018,90.2500
2/6/2018,89.5800
2/5/2018,89.5500
2/2/2018,89.1900
2/1/2018,88.6700
1/31/2018,89.1300
1/30/2018,89.1600
1/29/2018,89.3100
1/26/2018,89.0700
1/25/2018,89.3900
1/24/2018,89.2100
1/23/2018,90.1200
1/22/2018,90.4000
1/19/2018,90.5700
1/18/2018,90.5000
1/17/2018,90.5400
1/16/2018,90.3900
1/15/2018,90.9700
1/12/2018,90.9700
1/11/2018,91.8500
1/10/2018,92.3300
1/9/2018,92.5300
1/8/2018,92.3600
1/5/2018,91.9500
1/4/2018,91.8500
1/3/2018,92.1600
1/2/2018,91.8700
1/1/2018,92.2500
12/31/2017,92.2800
12/29/2017,92.1200
12/28/2017,92.6000
12/27/2017,93.0300
12/26/2017,93.2600
12/25/2017,93.3500
12/22/2017,93.3500
12/21/2017,93.2800
12/20/2017,93.3100
12/19/2017,93.4400
12/18/2017,93.6900
12/15/2017,93.9300
12/14/2017,93.4900
12/13/2017,93.4300
12/12/2017,94.1000
12/11/2017,93.8700
12/8/2017,93.9000
12/7/2017,93.8000
12/6/2017,93.6100
12/5/2017,93.3800
12/4/2017,93.1900
12/1/2017,92.8900
11/30/2017,93.0500
11/29/2017,93.1600
11/28/2017,93.2700
11/27/2017,92.9000
11/24/2017,92.7800
11/23/2017,93.2200
11/22/2017,93.2200
11/21/2017,93.9500
11/20/2017,94.0800
11/17/2017,93.6600
11/16/2017,93.9300
11/15/2017,93.8100
11/14/2017,93.8300
11/13/2017,94.4900
11/10/2017,94.3900
11/9/2017,94.4400
11/8/2017,94.8700
11/7/2017,94.9100
11/6/2017,94.7600
11/3/2017,94.9400
11/2/2017,94.6900
11/1/2017,94.8100
10/31/2017,94.5500
10/30/2017,94.5600
10/27/2017,94.9200
10/26/2017,94.6100
10/25/2017,93.7100
10/24/2017,93.7700
10/23/2017,93.9400
10/20/2017,93.7000
10/19/2017,93.1600
10/18/2017,93.3600
10/17/2017,93.5100
10/16/2017,93.3100
10/13/2017,93.0900
10/12/2017,93.0600
10/11/2017,93.0200
10/10/2017,93.2900
10/9/2017,93.6700
10/6/2017,93.8000
10/5/2017,93.9600
10/4/2017,93.4600
10/3/2017,93.5700
10/2/2017,93.5600
9/29/2017,93.0800
9/28/2017,93.0800
9/27/2017,93.3600
9/26/2017,92.9700
9/25/2017,92.6500
9/22/2017,92.1700
9/21/2017,92.1900
9/20/2017,92.5100
9/19/2017,91.7900
9/18/2017,92.0500
9/15/2017,91.8700
9/14/2017,92.1200
9/13/2017,92.5200
9/12/2017,91.8800
9/11/2017,91.9000
9/8/2017,91.3500
9/7/2017,91.6600
9/6/2017,92.2900
9/5/2017,92.2500
9/4/2017,92.6400
9/1/2017,92.8100
8/31/2017,92.6700
8/30/2017,92.8800
8/29/2017,92.2500
8/28/2017,92.2100
8/25/2017,92.7400
8/24/2017,93.2800
8/23/2017,93.1500
8/22/2017,93.5500
8/21/2017,93.0900
8/18/2017,93.4300
8/17/2017,93.6200
8/16/2017,93.5400
8/15/2017,93.8500
8/14/2017,93.4100
8/11/2017,93.0700
8/10/2017,93.4000
8/9/2017,93.5500
8/8/2017,93.6500
8/7/2017,93.4300
8/4/2017,93.5400
8/3/2017,92.8400
8/2/2017,92.8400
8/1/2017,93.0400
7/31/2017,92.8600
7/28/2017,93.2600
7/27/2017,93.8600
7/26/2017,93.6700
7/25/2017,94.0500
7/24/2017,93.9800
7/21/2017,93.8600
7/20/2017,94.3100
7/19/2017,94.7800
7/18/2017,94.6000
7/17/2017,95.1300
7/14/2017,95.1500
7/13/2017,95.7300
7/12/2017,95.7600
7/11/2017,95.6700
7/10/2017,96.0200
7/7/2017,96.0100
7/6/2017,95.8000
7/5/2017,96.2900
7/4/2017,96.2200
7/3/2017,96.2200
6/30/2017,95.6300
6/29/2017,95.6300
6/28/2017,96.0100
6/27/2017,96.3900
6/26/2017,97.4300
6/23/2017,97.2600
6/22/2017,97.5900
6/21/2017,97.5600
6/20/2017,97.7600
6/19/2017,97.5500
6/16/2017,97.1600
6/15/2017,97.4300
6/14/2017,96.9400
6/13/2017,96.9700
6/12/2017,97.1400
6/9/2017,97.2700
6/8/2017,96.9200
6/7/2017,96.7500
6/6/2017,96.6400
6/5/2017,96.8000
6/2/2017,96.7200
6/1/2017,97.2000
5/31/2017,96.9200
5/30/2017,97.2800
5/29/2017,97.4400
5/26/2017,97.4400
5/25/2017,97.2500
5/24/2017,97.2400
5/23/2017,97.3500
5/22/2017,96.9800
5/19/2017,97.1400
5/18/2017,97.8800
5/17/2017,97.5800
5/16/2017,98.1100
5/15/2017,98.9100
5/12/2017,99.2500
5/11/2017,99.6200
5/10/2017,99.6700
5/9/2017,99.6600
5/8/2017,99.0600
5/5/2017,98.6500
5/4/2017,98.8000
5/3/2017,99.2100
5/2/2017,98.9800
5/1/2017,99.0800
4/28/2017,99.0500
4/27/2017,99.0800
4/26/2017,99.0500
4/25/2017,98.7800
4/24/2017,99.0900
4/21/2017,99.9800
4/20/2017,99.7800
4/19/2017,99.7400
4/18/2017,99.5000
4/17/2017,100.2900
4/14/2017,100.5600
4/13/2017,100.5600
4/12/2017,100.7800
4/11/2017,100.7100
4/10/2017,101.0200
4/7/2017,101.1800
4/6/2017,100.6700
4/5/2017,100.5600
4/4/2017,100.5400
4/3/2017,100.5400
3/31/2017,100.3500
3/30/2017,100.4100
3/29/2017,100.0000
3/28/2017,99.7100
3/27/2017,99.1700
3/24/2017,99.6300
3/23/2017,99.7600
3/22/2017,99.6800
3/21/2017,99.8100
3/20/2017,100.4100
3/17/2017,100.3000
3/16/2017,100.3600
3/15/2017,100.7400
3/14/2017,101.7000
3/13/2017,101.3100
3/10/2017,101.2500
3/9/2017,101.8500
3/8/2017,102.0700
3/7/2017,101.8100
3/6/2017,101.6400
3/3/2017,101.5400
3/2/2017,102.2000
3/1/2017,101.7800
2/28/2017,101.1200
2/27/2017,101.1300
2/24/2017,101.0900
2/23/2017,101.0500
2/22/2017,101.2200
2/21/2017,101.3700
2/20/2017,100.9500
2/17/2017,100.9500
2/16/2017,100.4400
2/15/2017,101.1800
2/14/2017,101.2500
2/13/2017,100.9600
2/10/2017,100.8000
2/9/2017,100.6500
2/8/2017,100.2800
2/7/2017,100.2600
2/6/2017,99.9100
2/3/2017,99.8700
2/2/2017,99.7900
2/1/2017,99.6400
1/31/2017,99.5100
1/30/2017,100.4300
1/27/2017,100.5300
1/26/2017,100.3800
1/25/2017,100.0300
1/24/2017,100.3500
1/23/2017,100.1600
1/20/2017,100.7400
1/19/2017,101.1500
1/18/2017,100.9300
1/17/2017,100.3300
1/16/2017,101.1800
1/13/2017,101.1800
1/12/2017,101.3500
1/11/2017,101.7800
1/10/2017,102.0100
1/9/2017,101.9300
1/6/2017,102.2200
1/5/2017,101.5200
1/4/2017,102.7000
1/3/2017,103.2100
1/2/2017,102.8300
12/30/2016,102.2100
12/29/2016,102.6800
12/28/2016,103.3000
12/27/2016,103.0200
12/26/2016,103.0100
12/23/2016,103.0100
12/22/2016,103.0900
12/21/2016,103.0200
12/20/2016,103.2900
12/19/2016,103.1400
12/16/2016,102.9500
12/15/2016,103.0200
12/14/2016,101.7600
12/13/2016,101.0700
12/12/2016,101.0300
12/9/2016,101.5900
12/8/2016,101.1000
12/7/2016,100.2300
12/6/2016,100.4900
12/5/2016,100.0900
12/2/2016,100.7700
12/1/2016,101.0400
11/30/2016,101.5000
11/29/2016,100.9300
11/28/2016,101.3300
11/25/2016,101.4900
11/24/2016,101.7000
11/23/2016,101.7000
11/22/2016,101.0400
11/21/2016,101.0500
11/18/2016,101.2100
11/17/2016,100.8900
11/16/2016,100.4100
11/15/2016,100.2300
11/14/2016,100.1100
11/11/2016,99.0600
11/10/2016,98.7800
11/9/2016,98.5000
11/8/2016,97.8600
11/7/2016,97.7800
11/4/2016,97.0600
11/3/2016,97.1600
11/2/2016,97.4000
11/1/2016,97.7000
10/31/2016,98.4400
10/28/2016,98.3500
10/27/2016,98.8900
10/26/2016,98.6300
10/25/2016,98.7200
10/24/2016,98.7600
10/21/2016,98.6900
10/20/2016,98.3100
10/19/2016,97.9200
10/18/2016,97.8900
10/17/2016,97.8900
10/14/2016,98.0200
10/13/2016,97.5200
10/12/2016,97.9700
10/11/2016,97.6900
10/10/2016,96.9300
10/7/2016,96.6300
10/6/2016,96.7700
10/5/2016,96.1200
10/4/2016,96.1700
10/3/2016,95.6900
9/30/2016,95.4600
9/29/2016,95.5300
9/28/2016,95.4300
9/27/2016,95.4400
9/26/2016,95.3000
9/23/2016,95.4800
9/22/2016,95.4500
9/21/2016,95.6600
9/20/2016,96.0200
9/19/2016,95.8400
9/16/2016,96.1100
9/15/2016,95.2900
9/14/2016,95.3300
9/13/2016,95.6300
9/12/2016,95.0900
9/9/2016,95.3400
9/8/2016,95.0300
9/7/2016,94.9600
9/6/2016,94.8200
9/5/2016,95.8400
9/2/2016,95.8400
9/1/2016,95.6500
8/31/2016,96.0200
8/30/2016,96.0500
8/29/2016,95.5800
8/26/2016,95.5700
8/25/2016,94.7700
8/24/2016,94.7900
8/23/2016,94.5400
8/22/2016,94.5200
8/19/2016,94.5100
8/18/2016,94.1600
8/17/2016,94.7200
8/16/2016,94.7900
8/15/2016,95.6300
8/12/2016,95.7200
8/11/2016,95.8600
8/10/2016,95.6500
8/9/2016,96.1800
8/8/2016,96.4000
8/5/2016,96.1900
8/4/2016,95.7600
8/3/2016,95.5600
8/2/2016,95.0600
8/1/2016,95.7100
7/29/2016,95.5300
7/28/2016,96.7400
7/27/2016,97.0500
7/26/2016,97.1600
7/25/2016,97.2900
7/22/2016,97.4700
7/21/2016,97.0000
7/20/2016,97.2000
7/19/2016,97.0600
7/18/2016,96.5600
7/15/2016,96.5800
7/14/2016,96.0800
7/13/2016,96.2200
7/12/2016,96.4400
7/11/2016,96.5700
7/8/2016,96.3000
7/7/2016,96.3300
7/6/2016,96.0500
7/5/2016,96.1700
7/4/2016,95.6500
7/1/2016,95.6500
6/30/2016,96.1400
6/29/2016,95.7700
6/28/2016,96.2500
6/27/2016,96.5400
6/24/2016,95.4500
6/23/2016,93.5300
6/22/2016,93.7200
6/21/2016,94.0200
6/20/2016,93.6100
6/17/2016,94.2100
6/16/2016,94.5700
6/15/2016,94.6100
6/14/2016,94.9300
6/13/2016,94.3600
6/10/2016,94.5700
6/9/2016,93.9500
6/8/2016,93.5900
6/7/2016,93.8300
6/6/2016,93.9000
6/3/2016,94.0300
6/2/2016,95.5600
6/1/2016,95.4500
5/31/2016,95.8900
5/30/2016,95.5200
5/27/2016,95.5200
5/26/2016,95.1700
5/25/2016,95.3500
5/24/2016,95.5700
5/23/2016,95.2300
5/20/2016,95.3300
5/19/2016,95.2900
5/18/2016,95.0800
5/17/2016,94.5500
5/16/2016,94.5700
5/13/2016,94.6100
5/12/2016,94.1500
5/11/2016,93.8200
5/10/2016,94.2900
5/9/2016,94.1300
5/6/2016,93.8900
5/5/2016,93.7800
5/4/2016,93.1800
5/3/2016,92.9400
5/2/2016,92.6300
4/29/2016,93.0800
4/28/2016,93.7600
4/27/2016,94.3900
4/26/2016,94.5700
4/25/2016,94.8400
4/22/2016,95.1200
4/21/2016,94.6000
4/20/2016,94.4900
4/19/2016,93.9800
4/18/2016,94.4900
4/15/2016,94.7000
4/14/2016,94.9000
4/13/2016,94.7400
4/12/2016,93.9600
4/11/2016,93.9500
4/8/2016,94.2300
4/7/2016,94.4800
4/6/2016,94.4300
4/5/2016,94.6300
4/4/2016,94.5100
4/1/2016,94.6200
3/31/2016,94.5900
3/30/2016,94.8400
3/29/2016,95.1600
3/28/2016,95.9400
3/25/2016,96.1400
3/24/2016,96.1400
3/23/2016,96.0500
3/22/2016,95.6500
3/21/2016,95.2900
3/18/2016,95.0900
3/17/2016,94.7600
3/16/2016,95.8900
3/15/2016,96.6300
3/14/2016,96.6200
3/11/2016,96.1700
3/10/2016,96.0700
3/9/2016,97.1700
3/8/2016,97.2100
3/7/2016,97.0700
3/4/2016,97.3400
3/3/2016,97.5900
3/2/2016,98.2100
3/1/2016,98.3500
2/29/2016,98.2100
2/26/2016,98.1500
2/25/2016,97.2900
2/24/2016,97.4600
2/23/2016,97.4800
2/22/2016,97.3800
2/19/2016,96.6000
2/18/2016,96.9500
2/17/2016,96.7900
2/16/2016,96.8700
2/15/2016,95.9800
2/12/2016,95.9400
2/11/2016,95.5600
2/10/2016,95.8900
2/9/2016,96.0700
2/8/2016,96.5700
2/5/2016,97.0300
2/4/2016,96.4700
2/3/2016,97.2900
2/2/2016,98.8700
2/1/2016,99.0100
1/29/2016,99.6100
1/28/2016,98.5100
1/27/2016,98.9000
1/26/2016,99.3600
1/25/2016,99.3600
1/22/2016,99.5700
1/21/2016,99.0600
1/20/2016,99.0900
1/19/2016,98.9900
1/18/2016,98.9600
1/15/2016,98.9600
1/14/2016,99.0900
1/13/2016,98.9300
1/12/2016,98.9700
1/11/2016,98.7200
1/8/2016,98.5400
1/7/2016,98.2200
1/6/2016,99.1800
1/5/2016,99.4000
1/4/2016,98.8700
1/1/2016,98.6300
12/31/2015,98.6300
12/30/2015,98.2700
12/29/2015,98.1000
12/28/2015,97.9200
12/25/2015,97.9800
12/24/2015,97.9800
12/23/2015,98.3400
12/22/2015,98.2300
12/21/2015,98.3600
12/18/2015,98.7000
12/17/2015,99.2700
12/16/2015,97.8700
12/15/2015,98.2200
12/14/2015,97.6000
12/11/2015,97.5600
12/10/2015,97.9400
12/9/2015,97.3400
12/8/2015,98.4700
12/7/2015,98.6600
12/4/2015,98.3500
12/3/2015,97.6200
12/2/2015,99.9900
12/1/2015,99.8000
11/30/2015,100.1700
11/27/2015,100.0200
11/26/2015,99.8000
11/25/2015,99.8000
11/24/2015,99.5300
11/23/2015,99.8000
11/20/2015,99.5600
11/19/2015,98.9900
11/18/2015,99.6500
11/17/2015,99.6300
11/16/2015,99.4400
11/13/2015,99.0000
11/12/2015,98.6500
11/11/2015,99.0100
11/10/2015,99.2900
11/9/2015,98.9800
11/6/2015,99.1700
11/5/2015,97.9400
11/4/2015,97.9500
11/3/2015,97.1600
11/2/2015,96.9300
10/30/2015,96.9500
10/29/2015,97.2800
10/28/2015,97.7800
10/27/2015,96.9100
10/26/2015,96.8600
10/23/2015,97.1300
10/22/2015,96.3800
10/21/2015,95.0300
10/20/2015,94.9100
10/19/2015,94.9300
10/16/2015,94.5400
10/15/2015,94.3700
10/14/2015,93.9300
10/13/2015,94.7600
10/12/2015,94.8400
10/9/2015,94.8100
10/8/2015,95.3200
10/7/2015,95.5000
10/6/2015,95.4500
10/5/2015,96.1100
10/2/2015,95.8300
10/1/2015,96.1900
9/30/2015,96.3500
9/29/2015,95.8600
9/28/2015,96.0300
9/25/2015,96.2700
9/24/2015,96.6900
9/23/2015,96.0700
9/22/2015,96.2800
9/21/2015,95.8900
9/18/2015,94.8600
9/17/2015,94.5500
9/16/2015,95.4200
9/15/2015,95.6100
9/14/2015,95.2500
9/11/2015,95.1900
9/10/2015,95.4600
9/9/2015,96.0100
9/8/2015,95.9800
9/7/2015,96.2300
9/4/2015,96.2300
9/3/2015,96.4100
9/2/2015,95.8300
9/1/2015,95.4500
8/31/2015,95.8200
8/28/2015,96.1100
8/27/2015,95.6100
8/26/2015,95.1000
8/25/2015,94.5300
8/24/2015,93.3300
8/21/2015,95.0100
8/20/2015,95.9800
8/19/2015,96.3600
8/18/2015,97.0400
8/17/2015,96.8100
8/14/2015,96.5200
8/13/2015,96.4400
8/12/2015,96.2600
8/11/2015,97.2900
8/10/2015,97.1600
8/7/2015,97.5600
8/6/2015,97.8300
8/5/2015,97.9600
8/4/2015,97.9300
8/3/2015,97.4900
7/31/2015,97.3400
7/30/2015,97.5600
7/29/2015,96.9800
7/28/2015,96.7700
7/27/2015,96.5000
7/24/2015,97.2400
7/23/2015,97.1100
7/22/2015,97.6000
7/21/2015,97.3300
7/20/2015,98.0300
7/17/2015,97.8600
7/16/2015,97.6700
7/15/2015,97.1700
7/14/2015,96.6400
7/13/2015,96.8600
7/10/2015,96.0300
7/9/2015,96.6100
7/8/2015,96.2900
7/7/2015,96.8600
7/6/2015,96.3000
7/3/2015,96.1100
7/2/2015,96.1100
7/1/2015,96.3100
6/30/2015,95.4800
6/29/2015,94.7900
6/26/2015,95.4700
6/25/2015,95.1900
6/24/2015,95.2600
6/23/2015,95.4300
6/22/2015,94.3300
6/19/2015,94.0800
6/18/2015,94.0400
6/17/2015,94.3000
6/16/2015,95.0000
6/15/2015,94.8100
6/12/2015,94.9700
6/11/2015,94.9800
6/10/2015,94.6500
6/9/2015,95.1700
6/8/2015,95.3000
6/5/2015,96.3100
6/4/2015,95.4600
6/3/2015,95.4700
6/2/2015,95.8300
6/1/2015,97.3900
5/29/2015,96.9100
5/28/2015,96.9700
5/27/2015,97.3700
5/26/2015,97.3000
5/25/2015,96.0100
5/22/2015,96.1100
5/21/2015,95.2500
5/20/2015,95.4500
5/19/2015,95.2700
5/18/2015,94.2200
5/15/2015,93.1400
5/14/2015,93.4600
5/13/2015,93.6200
5/12/2015,94.5300
5/11/2015,95.0100
5/8/2015,94.7900
5/7/2015,94.6400
5/6/2015,94.0900
5/5/2015,95.0800
5/4/2015,95.4800
5/1/2015,95.3000
4/30/2015,94.6000
4/29/2015,95.2100
4/28/2015,96.0900
4/27/2015,96.7700
4/24/2015,96.9200
4/23/2015,97.2800
4/22/2015,97.9300
4/21/2015,98.0000
4/20/2015,97.9400
4/17/2015,97.5200
4/16/2015,97.4200
4/15/2015,98.3200
4/14/2015,98.7300
4/13/2015,99.4900
4/10/2015,99.3400
4/9/2015,99.1600
4/8/2015,97.9400
4/7/2015,97.8300
4/6/2015,96.7800
4/3/2015,96.5500
4/2/2015,97.4400
4/1/2015,98.1900
3/31/2015,98.3600
3/30/2015,97.9700
3/27/2015,97.2900
3/26/2015,97.4400
3/25/2015,96.9800
3/24/2015,97.1900
3/23/2015,97.0300
3/20/2015,97.9100
3/19/2015,99.2600
3/18/2015,98.5500
3/17/2015,99.5800
3/16/2015,99.6000
3/13/2015,100.3300
3/12/2015,99.4400
3/11/2015,99.8000
3/10/2015,98.6200
3/9/2015,97.5900
3/6/2015,97.6100
3/5/2015,96.3800
3/4/2015,95.9700
3/3/2015,95.3800
3/2/2015,95.4600
2/27/2015,95.3200
2/26/2015,95.2900
2/25/2015,94.2100
2/24/2015,94.4900
2/23/2015,94.5700
2/20/2015,94.3400
2/19/2015,94.4000
2/18/2015,94.2000
2/17/2015,94.0600
2/16/2015,94.2000
2/13/2015,94.2000
2/12/2015,94.0900
2/11/2015,94.9800
2/10/2015,94.7600
2/9/2015,94.4500
2/6/2015,95.8500
2/5/2015,93.5700
2/4/2015,93.9900
2/3/2015,93.6000
2/2/2015,94.5000
1/30/2015,94.8000
1/29/2015,94.7800
1/28/2015,94.4700
1/27/2015,94.0200
1/26/2015,94.8000
1/23/2015,94.7600
1/22/2015,94.0800
1/21/2015,92.9000
1/20/2015,93.0500
1/19/2015,92.5200
1/16/2015,92.5200
1/15/2015,92.3500
1/14/2015,92.1600
1/13/2015,92.3100
1/12/2015,91.9800
1/9/2015,91.9400
1/8/2015,92.3700
1/7/2015,91.8900
1/6/2015,91.5000
1/5/2015,91.3800
1/2/2015,91.0800
1/1/2015,90.2700
12/31/2014,90.2700
12/30/2014,89.9900
12/29/2014,90.1900
12/26/2014,90.0300
12/25/2014,89.9700
12/24/2014,89.9700
12/23/2014,90.0600
12/22/2014,89.7700
12/19/2014,89.6000
12/18/2014,89.2300
12/17/2014,89.1300
12/16/2014,88.1200
12/15/2014,88.4600
12/12/2014,88.3600
12/11/2014,88.6600
12/10/2014,88.2700
12/9/2014,88.6900
12/8/2014,89.0400
12/5/2014,89.3300
12/4/2014,88.7000
12/3/2014,88.9600
12/2/2014,88.6500
12/1/2014,87.9500
11/28/2014,88.3600
11/27/2014,87.6100
11/26/2014,87.6100
11/25/2014,87.9200
11/24/2014,88.1500
11/21/2014,88.3100
11/20/2014,87.5900
11/19/2014,87.6500
11/18/2014,87.5800
11/17/2014,87.9300
11/14/2014,87.5300
11/13/2014,87.6700
11/12/2014,87.8200
11/11/2014,87.5300
11/10/2014,87.8100
11/7/2014,87.6400
11/6/2014,88.0100
11/5/2014,87.4400
11/4/2014,86.9800
11/3/2014,87.3100
10/31/2014,86.9200
10/30/2014,86.1500
10/29/2014,85.9500
10/28/2014,85.4100
10/27/2014,85.5000
10/24/2014,85.7300
10/23/2014,85.8400
10/22/2014,85.7400
10/21/2014,85.3000
10/20/2014,84.9500
10/17/2014,85.1100
10/16/2014,84.9500
10/15/2014,85.1500
10/14/2014,85.8200
10/13/2014,85.5300
10/10/2014,85.9100
10/9/2014,85.5200
10/8/2014,85.3000
10/7/2014,85.6700
10/6/2014,85.9300
10/3/2014,86.6900
10/2/2014,85.6000
10/1/2014,85.9700
9/30/2014,85.9400
9/29/2014,85.5900
9/26/2014,85.6400
9/25/2014,85.1900
9/24/2014,85.0400
9/23/2014,84.6600
9/22/2014,84.7500
9/19/2014,84.7300
9/18/2014,84.3200
9/17/2014,84.3400
